movie_id,title_of_movie,my_rating,link_of_movie,Watch_Date,Release_Year
boxd.it,Doctor Strange in the Multiverse of Madness,2.5,https://boxd.it/gaTc,2022-05-16,2022
boxd.it,Spider-Man: No Way Home,,https://boxd.it/nwRw,2022-05-16,2021
boxd.it,American Psycho,4.0,https://boxd.it/28Vs,2022-05-16,2000
boxd.it,Doctor Strange,,https://boxd.it/8MH8,2022-05-16,2016
boxd.it,Fight Club,4.5,https://boxd.it/2a9q,2022-05-16,1999
boxd.it,Parasite,4.5,https://boxd.it/hTha,2022-05-16,2019
boxd.it,Requiem for a Dream,4.5,https://boxd.it/29VI,2022-05-16,2000
boxd.it,Black Swan,4.5,https://boxd.it/Sw0,2022-05-16,2010
boxd.it,K-PAX,4.0,https://boxd.it/2aYo,2022-05-16,2001
boxd.it,Interstellar,4.0,https://boxd.it/4VZ8,2022-05-16,2014
boxd.it,Thor: Ragnarok,,https://boxd.it/8MHi,2022-05-16,2017
boxd.it,Good Will Hunting,3.5,https://boxd.it/2ahY,2022-05-16,1997
boxd.it,The Departed,4.0,https://boxd.it/28MA,2022-05-16,2006
boxd.it,The Adjustment Bureau,2.5,https://boxd.it/16T8,2022-05-16,2011
boxd.it,The Dark Knight,4.0,https://boxd.it/2b0k,2022-05-16,2008
boxd.it,Eyes Wide Shut,5.0,https://boxd.it/2axs,2022-05-16,1999
boxd.it,Full Metal Jacket,4.0,https://boxd.it/2a1Q,2022-05-16,1987
boxd.it,Barry Lyndon,,https://boxd.it/25A2,2022-05-16,1975
boxd.it,Dead Poets Society,5.0,https://boxd.it/2aSg,2022-05-16,1989
boxd.it,The Breakfast Club,3.5,https://boxd.it/27q4,2022-05-16,1985
boxd.it,Joker,3.5,https://boxd.it/h4cS,2022-05-16,2019
boxd.it,Avengers: Infinity War,,https://boxd.it/9vEe,2022-05-16,2018
boxd.it,Avengers: Endgame,,https://boxd.it/9vE4,2022-05-16,2019
boxd.it,Se7en,4.5,https://boxd.it/29zs,2022-05-16,1995
boxd.it,The Social Network,3.5,https://boxd.it/17ue,2022-05-16,2010
boxd.it,No Country for Old Men,4.5,https://boxd.it/21ew,2022-05-16,2007
boxd.it,Nightcrawler,4.0,https://boxd.it/780m,2022-05-16,2014
boxd.it,Nocturnal Animals,4.0,https://boxd.it/bkFu,2022-05-16,2016
boxd.it,Memento,4.0,https://boxd.it/2bcK,2022-05-16,2000
boxd.it,The Handmaiden,4.5,https://boxd.it/948A,2022-05-18,2016
boxd.it,21,3.0,https://boxd.it/20BO,2022-05-18,2008
boxd.it,Whiplash,3.5,https://boxd.it/7bQA,2022-05-18,2014
boxd.it,Batman Begins,3.5,https://boxd.it/2aIg,2022-05-18,2005
boxd.it,The Dark Knight Rises,3.5,https://boxd.it/H3m,2022-05-18,2012
boxd.it,Django Unchained,3.5,https://boxd.it/2cCk,2022-05-18,2012
boxd.it,Spider-Man 3,2.5,https://boxd.it/2a7Y,2022-05-18,2007
boxd.it,The Shining,4.5,https://boxd.it/29Nu,2022-05-18,1980
boxd.it,Star Wars: Episode III – Revenge of the Sith,3.0,https://boxd.it/27US,2022-05-18,2005
boxd.it,Persona,5.0,https://boxd.it/29B4,2022-05-18,1966
boxd.it,Primer,5.0,https://boxd.it/6YA,2022-05-18,2004
boxd.it,Mulholland Drive,5.0,https://boxd.it/297o,2022-05-18,2001
boxd.it,About Time,4.5,https://boxd.it/43bI,2022-05-18,2013
boxd.it,The Theory of Everything,3.5,https://boxd.it/7YtA,2022-05-18,2014
boxd.it,Awakenings,4.0,https://boxd.it/1USu,2022-05-18,1990
boxd.it,Hunt for the Wilderpeople,4.0,https://boxd.it/cTgG,2022-05-18,2016
boxd.it,The Boy in the Striped Pyjamas,4.0,https://boxd.it/1NOK,2022-05-18,2008
boxd.it,Brokeback Mountain,3.5,https://boxd.it/2b2q,2022-05-18,2005
boxd.it,1917,4.0,https://boxd.it/jj4y,2022-05-18,2019
boxd.it,Dunkirk,4.0,https://boxd.it/d0Y6,2022-05-18,2017
boxd.it,Arrival,4.0,https://boxd.it/aNGk,2022-05-18,2016
boxd.it,The Intouchables,3.5,https://boxd.it/2FT0,2022-05-18,2011
boxd.it,Her,4.0,https://boxd.it/4O24,2022-05-18,2013
boxd.it,Jojo Rabbit,3.5,https://boxd.it/iEBG,2022-05-18,2019
boxd.it,When Harry Met Sally...,5.0,https://boxd.it/29W2,2022-05-18,1989
boxd.it,Life Is Beautiful,4.0,https://boxd.it/29Wm,2022-05-18,1997
boxd.it,The Pursuit of Happyness,4.0,https://boxd.it/28PE,2022-05-18,2006
boxd.it,Celeste & Jesse Forever,3.5,https://boxd.it/2XOi,2022-05-18,2012
boxd.it,Stay,4.0,https://boxd.it/20BE,2022-05-18,2005
boxd.it,Fractured,1.5,https://boxd.it/kPL2,2022-05-18,2019
boxd.it,Inside Man,3.5,https://boxd.it/2auS,2022-05-18,2006
boxd.it,The Usual Suspects,4.0,https://boxd.it/29XE,2022-05-18,1995
boxd.it,The Prestige,5.0,https://boxd.it/293w,2022-05-18,2006
boxd.it,Inception,4.5,https://boxd.it/1skk,2022-05-18,2010
boxd.it,Predestination,3.5,https://boxd.it/6bJM,2022-05-18,2014
boxd.it,Million Dollar Baby,3.5,https://boxd.it/2bdI,2022-05-18,2004
boxd.it,Birdman or (The Unexpected Virtue of Ignorance),4.0,https://boxd.it/5RFA,2022-05-18,2014
boxd.it,Avatar,3.0,https://boxd.it/1Efm,2022-05-18,2009
boxd.it,Free Guy,3.0,https://boxd.it/k8dm,2022-05-18,2021
boxd.it,The Trial of the Chicago 7,4.0,https://boxd.it/kn3w,2022-05-18,2020
boxd.it,Star Wars: The Rise of Skywalker,2.5,https://boxd.it/5xlK,2022-05-18,2019
boxd.it,The Platform,3.0,https://boxd.it/mUm6,2022-05-18,2019
boxd.it,Spider-Man: Far From Home,2.5,https://boxd.it/fegG,2022-05-18,2019
boxd.it,Captain Marvel,,https://boxd.it/9vSA,2022-05-18,2019
boxd.it,Black Mirror: Bandersnatch,,https://boxd.it/kTDG,2022-05-18,2018
boxd.it,Spider-Man: Into the Spider-Verse,,https://boxd.it/azpY,2022-05-18,2018
boxd.it,Bohemian Rhapsody,3.0,https://boxd.it/f1TK,2022-05-18,2018
boxd.it,Venom,2.0,https://boxd.it/b8wA,2022-05-18,2018
boxd.it,Green Book,4.0,https://boxd.it/hErk,2022-05-18,2018
boxd.it,Ant-Man and the Wasp,,https://boxd.it/cqUW,2022-05-18,2018
boxd.it,Incredibles 2,,https://boxd.it/7IPg,2022-05-18,2018
boxd.it,Deadpool 2,,https://boxd.it/dlLM,2022-05-18,2018
boxd.it,Ready Player One,3.5,https://boxd.it/aZes,2022-05-18,2018
boxd.it,Black Panther,,https://boxd.it/8MHs,2022-05-18,2018
boxd.it,Star Wars: The Last Jedi,,https://boxd.it/5xme,2022-05-18,2017
boxd.it,Kingsman: The Golden Circle,2.5,https://boxd.it/buJm,2022-05-18,2017
boxd.it,It,3.0,https://boxd.it/bC8e,2022-05-18,2017
boxd.it,Spider-Man: Homecoming,,https://boxd.it/aboM,2022-05-18,2017
boxd.it,Pirates of the Caribbean: Dead Men Tell No Tales,,https://boxd.it/5a9m,2022-05-18,2017
boxd.it,Guardians of the Galaxy Vol. 2,,https://boxd.it/8MxC,2022-05-18,2017
boxd.it,Baby Driver,3.5,https://boxd.it/bhF2,2022-05-18,2017
boxd.it,Logan,3.5,https://boxd.it/7Piy,2022-05-18,2017
boxd.it,Fantastic Beasts and Where to Find Them,,https://boxd.it/7FPC,2022-05-18,2016
boxd.it,Suicide Squad,0.5,https://boxd.it/9row,2022-05-18,2016
boxd.it,Captain America: Civil War,,https://boxd.it/89Ja,2022-05-18,2016
boxd.it,Batman v Superman: Dawn of Justice,0.5,https://boxd.it/6fBW,2022-05-18,2016
boxd.it,Deadpool,,https://boxd.it/9fOC,2022-05-18,2016
boxd.it,The Revenant,3.5,https://boxd.it/8H5e,2022-05-18,2015
boxd.it,Star Wars: The Force Awakens,,https://boxd.it/4vru,2022-05-18,2015
boxd.it,The Big Short,3.5,https://boxd.it/ajZw,2022-05-18,2015
boxd.it,Hotel Transylvania 2,,https://boxd.it/4ZLk,2022-05-18,2015
boxd.it,Ant-Man,,https://boxd.it/3vmW,2022-05-18,2015
boxd.it,Minions,,https://boxd.it/6jCO,2022-05-18,2015
boxd.it,Avengers: Age of Ultron,,https://boxd.it/3qi6,2022-05-18,2015
boxd.it,Kingsman: The Secret Service,3.5,https://boxd.it/6dxe,2022-05-18,2014
boxd.it,The Hunger Games: Mockingjay – Part 1,,https://boxd.it/4hka,2022-05-18,2014
boxd.it,The Imitation Game,4.0,https://boxd.it/6aig,2022-05-18,2014
boxd.it,Guardians of the Galaxy,,https://boxd.it/3VH2,2022-05-18,2014
boxd.it,The Amazing Spider-Man 2,,https://boxd.it/3utM,2022-05-18,2014
boxd.it,Captain America: The Winter Soldier,,https://boxd.it/3r58,2022-05-18,2014
boxd.it,The Wolverine,,https://boxd.it/2CWU,2022-05-18,2013
boxd.it,Man of Steel,,https://boxd.it/FRk,2022-05-18,2013
boxd.it,CM101MMXI Fundamentals,,https://boxd.it/52TQ,2022-05-18,2013
boxd.it,Rise of the Guardians,4.0,https://boxd.it/2PXw,2022-05-18,2012
boxd.it,Hotel Transylvania,,https://boxd.it/2DF6,2022-05-18,2012
boxd.it,The Amazing Spider-Man,,https://boxd.it/27PI,2022-05-18,2012
boxd.it,The Dictator,,https://boxd.it/2DEW,2022-05-18,2012
boxd.it,The Avengers,,https://boxd.it/1xFW,2022-05-18,2012
boxd.it,In Time,2.5,https://boxd.it/FPS,2022-05-18,2011
boxd.it,Captain America: The First Avenger,,https://boxd.it/28b0,2022-05-18,2011
boxd.it,Harry Potter and the Deathly Hallows: Part 2,,https://boxd.it/1RYk,2022-05-18,2011
boxd.it,Green Lantern,,https://boxd.it/QN4,2022-05-18,2011
boxd.it,Cars 2,,https://boxd.it/H4Y,2022-05-18,2011
boxd.it,Pirates of the Caribbean: On Stranger Tides,,https://boxd.it/27Z4,2022-05-18,2011
boxd.it,Thor,,https://boxd.it/1WQU,2022-05-18,2011
boxd.it,Rio,,https://boxd.it/NKc,2022-05-18,2011
boxd.it,Harry Potter and the Deathly Hallows: Part 1,,https://boxd.it/1RYu,2022-05-18,2010
boxd.it,Scott Pilgrim vs. the World,3.0,https://boxd.it/1Aq6,2022-05-18,2010
boxd.it,Shrek Forever After,,https://boxd.it/1WRo,2022-05-18,2010
boxd.it,Iron Man 2,,https://boxd.it/1WZM,2022-05-18,2010
boxd.it,How to Train Your Dragon,,https://boxd.it/1WRy,2022-05-18,2010
boxd.it,Eyyvah Eyvah,,https://boxd.it/HGo,2022-05-18,2010
boxd.it,Veda - Atatürk,,https://boxd.it/15Cg,2022-05-18,2010
boxd.it,Shutter Island,4.0,https://boxd.it/1U82,2022-05-18,2010
boxd.it,Recep Ivedik 3,,https://boxd.it/1gnQ,2022-05-18,2010
boxd.it,Harry Potter and the Half-Blood Prince,,https://boxd.it/29FU,2022-05-18,2009
boxd.it,Hachi: A Dog's Tale,3.5,https://boxd.it/1q4a,2022-05-18,2009
boxd.it,Inglourious Basterds,4.0,https://boxd.it/1JzG,2022-05-18,2009
boxd.it,Up,4.0,https://boxd.it/1OEc,2022-05-18,2009
boxd.it,Recep Ivedik 2,,https://boxd.it/1jWY,2022-05-18,2009
boxd.it,Yes Man,3.5,https://boxd.it/1WPW,2022-05-18,2008
boxd.it,A.R.O.G,,https://boxd.it/1xGg,2022-05-18,2008
boxd.it,Cars of the Revolution,,https://boxd.it/ypy,2022-05-18,2008
boxd.it,WALL·E,,https://boxd.it/1VEo,2022-05-18,2008
boxd.it,Kung Fu Panda,,https://boxd.it/1Yws,2022-05-18,2008
boxd.it,Iron Man,,https://boxd.it/28dA,2022-05-18,2008
boxd.it,Recep Ivedik,,https://boxd.it/1jX8,2022-05-18,2008
boxd.it,Bee Movie,,https://boxd.it/22Vw,2022-05-18,2007
boxd.it,Harry Potter and the Order of the Phoenix,,https://boxd.it/29Qe,2022-05-18,2007
boxd.it,The Truman Show,4.0,https://boxd.it/18U8,2022-05-18,1998
boxd.it,The Lego Movie,,https://boxd.it/4pDO,2022-05-19,2014
boxd.it,Fantastic Four: Rise of the Silver Surfer,,https://boxd.it/27Ii,2022-05-19,2007
boxd.it,Pirates of the Caribbean: At World's End,,https://boxd.it/2aGu,2022-05-19,2007
boxd.it,Shrek the Third,,https://boxd.it/29yY,2022-05-19,2007
boxd.it,Zodiac,4.0,https://boxd.it/27MO,2022-05-19,2007
boxd.it,Ghost Rider,,https://boxd.it/290M,2022-05-19,2007
boxd.it,Happy Feet,,https://boxd.it/1XH0,2022-05-19,2006
boxd.it,Pirates of the Caribbean: Dead Man's Chest,,https://boxd.it/2bfk,2022-05-19,2006
boxd.it,Ice Age: The Meltdown,,https://boxd.it/2wRk,2022-05-19,2006
boxd.it,Cars,,https://boxd.it/29ho,2022-05-19,2006
boxd.it,V for Vendetta,3.5,https://boxd.it/29Ik,2022-05-19,2005
boxd.it,Harry Potter and the Goblet of Fire,,https://boxd.it/29Qo,2022-05-19,2005
boxd.it,Charlie and the Chocolate Factory,3.0,https://boxd.it/2b68,2022-05-19,2005
boxd.it,G.O.R.A.,,https://boxd.it/1sau,2022-05-19,2004
boxd.it,The Incredibles,,https://boxd.it/1XLm,2022-05-19,2004
boxd.it,Spider-Man 2,5.0,https://boxd.it/2a88,2022-05-19,2004
boxd.it,Harry Potter and the Prisoner of Azkaban,,https://boxd.it/29Qy,2022-05-19,2004
boxd.it,Shrek 2,,https://boxd.it/29z8,2022-05-19,2004
boxd.it,The Lord of the Rings: The Return of the King,,https://boxd.it/2b5u,2022-05-19,2003
boxd.it,Pirates of the Caribbean: The Curse of the Black Pearl,,https://boxd.it/70G,2022-05-19,2003
boxd.it,Finding Nemo,,https://boxd.it/72i,2022-05-19,2003
boxd.it,The Lord of the Rings: The Two Towers,,https://boxd.it/2b5E,2022-05-19,2002
boxd.it,Harry Potter and the Chamber of Secrets,,https://boxd.it/29QI,2022-05-19,2002
boxd.it,The Pianist,4.0,https://boxd.it/2aqc,2022-05-19,2002
boxd.it,Star Wars: Episode II – Attack of the Clones,,https://boxd.it/27V2,2022-05-19,2002
boxd.it,Spider-Man,,https://boxd.it/2a8i,2022-05-19,2002
boxd.it,The Lord of the Rings: The Fellowship of the Ring,,https://boxd.it/2b5O,2022-05-19,2001
boxd.it,Harry Potter and the Philosopher's Stone,,https://boxd.it/29QS,2022-05-19,2001
boxd.it,"Monsters, Inc.",,https://boxd.it/2a46,2022-05-19,2001
boxd.it,Shrek,,https://boxd.it/29zi,2022-05-19,2001
boxd.it,Cast Away,3.5,https://boxd.it/20i8,2022-05-19,2000
boxd.it,Gladiator,4.0,https://boxd.it/2b9m,2022-05-19,2000
boxd.it,Star Wars: Episode I – The Phantom Menace,,https://boxd.it/27Vc,2022-05-19,1999
boxd.it,The Game,3.5,https://boxd.it/26vC,2022-05-19,1997
boxd.it,The Shawshank Redemption,3.5,https://boxd.it/2aHi,2022-05-19,1994
boxd.it,Forrest Gump,4.0,https://boxd.it/728,2022-05-19,1994
boxd.it,Return of the Jedi,4.0,https://boxd.it/27Vm,2022-05-19,1983
boxd.it,The Empire Strikes Back,4.5,https://boxd.it/27Vw,2022-05-19,1980
boxd.it,Escape from Alcatraz,4.0,https://boxd.it/1Vwk,2022-05-19,1979
boxd.it,Star Wars,4.0,https://boxd.it/72s,2022-05-19,1977
boxd.it,One Flew Over the Cuckoo's Nest,4.0,https://boxd.it/2aeA,2022-05-19,1975
boxd.it,Donnie Darko,4.0,https://boxd.it/2b2A,2022-05-19,2001
boxd.it,Ex Machina,3.5,https://boxd.it/7T2k,2022-05-19,2015
boxd.it,Happy Death Day 2U,,https://boxd.it/ixt6,2022-05-19,2019
boxd.it,Knives Out,4.0,https://boxd.it/jWEA,2022-05-19,2019
boxd.it,Cube,3.0,https://boxd.it/2aoU,2022-05-19,1997
boxd.it,Don't Look Up,3.0,https://boxd.it/o0Hc,2022-05-19,2021
boxd.it,The Guilty,3.0,https://boxd.it/kOPW,2022-05-19,2021
boxd.it,The Power of the Dog,3.5,https://boxd.it/m99E,2022-05-19,2021
boxd.it,Dune,4.0,https://boxd.it/fA7G,2022-05-19,2021
boxd.it,Shang-Chi and the Legend of the Ten Rings,2.0,https://boxd.it/kLDI,2022-05-19,2021
boxd.it,The Suicide Squad,3.0,https://boxd.it/fw6O,2022-05-19,2021
boxd.it,Fear Street: 1978,3.0,https://boxd.it/lLBu,2022-05-19,2021
boxd.it,Space Jam: A New Legacy,1.0,https://boxd.it/dd9A,2022-05-19,2021
boxd.it,Fear Street: 1994,3.0,https://boxd.it/lLBk,2022-05-19,2021
boxd.it,The Tomorrow War,1.0,https://boxd.it/lE78,2022-05-19,2021
boxd.it,The Woman in the Window,2.0,https://boxd.it/iT56,2022-05-19,2021
boxd.it,Tenet,3.5,https://boxd.it/leq4,2022-05-19,2020
boxd.it,Palm Springs,3.5,https://boxd.it/lCXQ,2022-05-19,2020
boxd.it,Recep Ivedik 6,,https://boxd.it/nahm,2022-05-19,2019
boxd.it,Snatch,4.0,https://boxd.it/2b7U,2022-05-19,2000
boxd.it,No Strings Attached,,https://boxd.it/YUs,2022-05-19,2011
boxd.it,American Beauty,4.0,https://boxd.it/71Y,2022-05-19,1999
boxd.it,Eternal Sunshine of the Spotless Mind,3.5,https://boxd.it/6YK,2022-05-19,2004
boxd.it,Gone Girl,4.0,https://boxd.it/6hQu,2022-05-19,2014
boxd.it,Prisoners,4.0,https://boxd.it/4E5i,2022-05-20,2013
boxd.it,Chappie,3.0,https://boxd.it/5Y3e,2022-05-20,2015
boxd.it,All Good,,https://boxd.it/4v6m,2022-05-20,2012
boxd.it,Kill Bill: The Whole Bloody Affair,,https://boxd.it/eCrQ,2022-05-20,2004
boxd.it,Being John Malkovich,4.0,https://boxd.it/2ahu,2022-05-20,1999
boxd.it,Enemy,4.0,https://boxd.it/5xtO,2022-05-20,2013
boxd.it,"Synecdoche, New York",5.0,https://boxd.it/23zw,2022-05-21,2008
boxd.it,Green Street Hooligans,3.5,https://boxd.it/1ZA6,2022-05-21,2005
boxd.it,Sleeping with Other People,3.0,https://boxd.it/8WPm,2022-05-21,2015
boxd.it,Rush,4.0,https://boxd.it/3lyS,2022-05-21,2013
boxd.it,The Nice Guys,4.0,https://boxd.it/94Hg,2022-05-22,2016
boxd.it,Freedom Writers,3.5,https://boxd.it/28p2,2022-05-22,2007
boxd.it,Three Transitions,,https://boxd.it/epkW,2022-05-22,1973
boxd.it,Crashing,4.5,https://boxd.it/ndN6,2022-05-22,2016
boxd.it,Lady Bird,3.5,https://boxd.it/dGNE,2022-05-28,2017
boxd.it,Notting Hill,3.5,https://boxd.it/2aeK,2022-05-28,1999
boxd.it,Friends with Benefits,,https://boxd.it/DoK,2022-05-28,2011
boxd.it,Love & Other Drugs,,https://boxd.it/UIi,2022-05-28,2010
boxd.it,Hitch,,https://boxd.it/205o,2022-05-28,2005
boxd.it,The Lobster,,https://boxd.it/7tnw,2022-05-28,2015
boxd.it,6 Years,,https://boxd.it/awpm,2022-05-29,2015
boxd.it,Bad Teacher,,https://boxd.it/yXA,2022-06-02,2011
boxd.it,The Holiday,,https://boxd.it/28ye,2022-06-02,2006
boxd.it,Vanilla Sky,3.5,https://boxd.it/27TK,2022-06-02,2001
boxd.it,What Happens in Vegas,,https://boxd.it/1Zlq,2022-06-02,2008
boxd.it,Ocean's Eleven,,https://boxd.it/2aZm,2022-06-02,2001
boxd.it,Ocean's Twelve,,https://boxd.it/2aZ2,2022-06-02,2004
boxd.it,Ocean's Thirteen,,https://boxd.it/2aEy,2022-06-02,2007
boxd.it,Ocean's Eight,,https://boxd.it/eaai,2022-06-02,2018
boxd.it,Moneyball,3.5,https://boxd.it/glS,2022-06-02,2011
boxd.it,Meet Joe Black,3.5,https://boxd.it/2aEI,2022-06-02,1998
boxd.it,The Hangover,4.0,https://boxd.it/1GjK,2022-06-02,2009
boxd.it,The Hangover Part II,3.0,https://boxd.it/PZI,2022-06-02,2011
boxd.it,The Hangover Part III,3.0,https://boxd.it/3GNY,2022-06-02,2013
boxd.it,American Hustle,3.0,https://boxd.it/5dz8,2022-06-02,2013
boxd.it,Blood Diamond,3.5,https://boxd.it/28Tm,2022-06-02,2006
boxd.it,Catch Me If You Can,3.5,https://boxd.it/29VS,2022-06-02,2002
boxd.it,Wonder,4.0,https://boxd.it/ekeY,2022-06-02,2017
boxd.it,The 40 Year Old Virgin,3.0,https://boxd.it/21hK,2022-06-07,2005
boxd.it,The Perks of Being a Wallflower,4.0,https://boxd.it/2ZA8,2022-06-08,2012
boxd.it,"Love, Rosie",4.0,https://boxd.it/62hE,2022-06-08,2014
boxd.it,One Day,3.0,https://boxd.it/Asu,2022-06-08,2011
boxd.it,"Crazy, Stupid, Love.",4.0,https://boxd.it/D9A,2022-06-08,2011
boxd.it,Kill Bill: Vol. 1,4.0,https://boxd.it/70w,2022-06-08,2003
boxd.it,Kill Bill: Vol. 2,4.0,https://boxd.it/2au4,2022-06-08,2004
boxd.it,Focus,1.5,https://boxd.it/7zl2,2022-06-08,2015
boxd.it,Brother in Love,,https://boxd.it/moju,2022-06-08,2019
boxd.it,Brother in Love 2,,https://boxd.it/yjHg,2022-06-08,2021
boxd.it,Liar Liar,,https://boxd.it/28sg,2022-06-08,1997
boxd.it,The Invention of Lying,,https://boxd.it/1zGs,2022-06-08,2009
boxd.it,Passengers,,https://boxd.it/8lFu,2022-06-08,2016
boxd.it,Warcraft,,https://boxd.it/2czK,2022-06-08,2016
boxd.it,The Mountain II,,https://boxd.it/f7DI,2022-06-08,2016
boxd.it,The Mountain,,https://boxd.it/7f6G,2022-06-08,2012
boxd.it,Aquaman,,https://boxd.it/9ru0,2022-06-08,2018
boxd.it,The Man from U.N.C.L.E.,3.5,https://boxd.it/67lG,2022-06-08,2015
boxd.it,Pocket Hercules: Naim Suleymanoglu,3.0,https://boxd.it/oavA,2022-06-08,2019
boxd.it,Journey 2: The Mysterious Island,,https://boxd.it/2o8m,2022-06-08,2012
boxd.it,The Magnificent Seven,3.0,https://boxd.it/aZAy,2022-06-08,2016
boxd.it,Now You See Me,,https://boxd.it/2Bsu,2022-06-08,2013
boxd.it,Now You See Me 2,,https://boxd.it/99fw,2022-06-08,2016
boxd.it,Stranger in My Pocket,,https://boxd.it/hW3g,2022-06-08,2018
boxd.it,Jumanji: Welcome to the Jungle,,https://boxd.it/bUeE,2022-06-08,2017
boxd.it,The Last Dance,4.5,https://boxd.it/pVfc,2022-06-08,2020
boxd.it,Jack Reacher: Never Go Back,2.0,https://boxd.it/buAY,2022-06-08,2016
boxd.it,Fun with Dick and Jane,,https://boxd.it/20PG,2022-06-08,2005
boxd.it,The Last Airbender,0.5,https://boxd.it/1WQK,2022-06-08,2010
boxd.it,Transformers,,https://boxd.it/280c,2022-06-08,2007
boxd.it,Transformers: Revenge of the Fallen,,https://boxd.it/20gG,2022-06-08,2009
boxd.it,Transformers: Dark of the Moon,,https://boxd.it/16aC,2022-06-08,2011
boxd.it,Transformers: Age of Extinction,2.0,https://boxd.it/3d1m,2022-06-08,2014
boxd.it,The Boy Who Harnessed the Wind,3.0,https://boxd.it/hIgA,2022-06-08,2019
boxd.it,Uncut Gems,4.0,https://boxd.it/gXGc,2022-06-08,2019
boxd.it,Patch Adams,4.0,https://boxd.it/1Wzk,2022-06-08,1998
boxd.it,Public Enemies,3.0,https://boxd.it/1U8m,2022-06-16,2009
boxd.it,The Matrix,4.0,https://boxd.it/2a1m,2022-06-17,1999
boxd.it,Oldboy,4.5,https://boxd.it/29R2,2022-06-26,2003
boxd.it,The Devil Wears Prada,4.0,https://boxd.it/2awE,2022-06-28,2006
boxd.it,Gifted,,https://boxd.it/e5dG,2022-06-28,2017
boxd.it,Into the Wild,4.0,https://boxd.it/22m2,2022-06-29,2007
boxd.it,When We First Met,3.0,https://boxd.it/fn3G,2022-06-30,2018
boxd.it,Happy Death Day,3.0,https://boxd.it/fDz4,2022-06-30,2017
boxd.it,The Martian,4.0,https://boxd.it/8SeG,2022-06-30,2015
boxd.it,My All American,4.0,https://boxd.it/b2JI,2022-07-06,2015
boxd.it,Thor: Love and Thunder,1.5,https://boxd.it/mMAY,2022-07-12,2022
boxd.it,Another Round,4.5,https://boxd.it/lkba,2022-07-12,2020
boxd.it,The Edge of Seventeen,3.0,https://boxd.it/d5nu,2022-07-12,2016
boxd.it,What's Your Number?,2.5,https://boxd.it/6P4,2022-07-13,2011
boxd.it,Rise of the Planet of the Apes,3.5,https://boxd.it/cS4,2022-07-15,2011
boxd.it,Dawn of the Planet of the Apes,3.5,https://boxd.it/3XyQ,2022-07-15,2014
boxd.it,War for the Planet of the Apes,3.0,https://boxd.it/8FE2,2022-07-15,2017
boxd.it,There Will Be Blood,4.0,https://boxd.it/20Z2,2022-07-17,2007
boxd.it,Schumacher,,https://boxd.it/wk2k,2022-07-17,2021
boxd.it,The Black Phone,3.5,https://boxd.it/sqFE,2022-07-17,2021
boxd.it,Death on the Nile,2.0,https://boxd.it/ifpg,2022-07-19,2022
boxd.it,10 Things I Hate About You,3.5,https://boxd.it/23AO,2022-07-20,1999
boxd.it,Kingdom of Heaven,4.0,https://boxd.it/28Gs,2022-07-21,2005
boxd.it,The Grand Budapest Hotel,4.5,https://boxd.it/3ZqO,2022-07-22,2014
boxd.it,The Last Duel,4.0,https://boxd.it/mQbe,2022-07-23,2021
boxd.it,Murder on the Orient Express,3.0,https://boxd.it/dHjA,2022-07-24,2017
boxd.it,Get Out,4.0,https://boxd.it/eOCm,2022-07-24,2017
boxd.it,The Gentlemen,4.0,https://boxd.it/iYBQ,2022-07-25,2019
boxd.it,Aladdin,0.5,https://boxd.it/eSjy,2022-07-25,2019
boxd.it,King Arthur: Legend of the Sword,3.0,https://boxd.it/8lDS,2022-07-25,2017
boxd.it,Split,3.5,https://boxd.it/dgSy,2022-07-25,2016
boxd.it,The Queen's Gambit,4.0,https://boxd.it/s1Ym,2022-07-25,2020
boxd.it,Creating The Queen's Gambit,,https://boxd.it/ttHA,2022-07-25,2021
boxd.it,Clueless,4.5,https://boxd.it/1Ygk,2022-07-25,1995
boxd.it,Kung Fu Panda 2,,https://boxd.it/G36,2022-07-27,2011
boxd.it,Kung Fu Panda 3,,https://boxd.it/4uRQ,2022-07-27,2016
boxd.it,Wonder Woman,,https://boxd.it/9roG,2022-07-27,2017
boxd.it,Pitch Perfect,,https://boxd.it/3OsE,2022-07-27,2012
boxd.it,Atonement,3.5,https://boxd.it/24ui,2022-07-29,2007
boxd.it,Monte Carlo,2.5,https://boxd.it/hqk,2022-07-29,2011
boxd.it,Alice Through the Looking Glass,,https://boxd.it/75Yo,2022-07-29,2016
boxd.it,Mean Girls,4.0,https://boxd.it/1VNg,2022-07-29,2004
boxd.it,Here Comes the Boom,3.0,https://boxd.it/37pM,2022-07-30,2012
boxd.it,Home Team,,https://boxd.it/uObC,2022-07-30,2022
boxd.it,True Memoirs of an International Assassin,,https://boxd.it/bhEo,2022-07-30,2016
boxd.it,Sing Street,4.0,https://boxd.it/cOo6,2022-08-01,2016
boxd.it,"Extremely Wicked, Shockingly Evil and Vile",4.0,https://boxd.it/glCG,2022-08-01,2019
boxd.it,The Croods,,https://boxd.it/FRE,2022-08-01,2013
boxd.it,Wreck-It Ralph,4.0,https://boxd.it/2TTS,2022-08-01,2012
boxd.it,Madagascar 3: Europe's Most Wanted,,https://boxd.it/2NF6,2022-08-01,2012
boxd.it,Madagascar: Escape 2 Africa,,https://boxd.it/1W2K,2022-08-01,2008
boxd.it,Big Hero 6,,https://boxd.it/5rje,2022-08-01,2014
boxd.it,Ready or Not,3.5,https://boxd.it/kOf0,2022-08-02,2019
boxd.it,Bad Times at the El Royale,3.5,https://boxd.it/fSA2,2022-08-03,2018
boxd.it,Identity,3.5,https://boxd.it/26e2,2022-08-03,2003
boxd.it,Vacation Friends,3.0,https://boxd.it/ohEO,2022-08-04,2021
boxd.it,X-Men: Days of Future Past,4.0,https://boxd.it/4aRw,2022-08-05,2014
boxd.it,X-Men,,https://boxd.it/1a7s,2022-08-05,2000
boxd.it,Top Gun,3.5,https://boxd.it/29JC,2022-08-05,1986
boxd.it,Once Upon a Time... in Hollywood,4.0,https://boxd.it/gH0O,2022-08-05,2019
boxd.it,The Green Mile,4.0,https://boxd.it/2agG,2022-08-07,1999
boxd.it,Almost Famous,3.5,https://boxd.it/29CQ,2022-08-07,2000
boxd.it,Bride Wars,3.5,https://boxd.it/1W3I,2022-08-07,2009
boxd.it,How to Lose a Guy in 10 Days,4.0,https://boxd.it/1XwG,2022-08-07,2003
boxd.it,Flightplan,3.0,https://boxd.it/1YZu,2022-08-08,2005
boxd.it,Skyscraper,,https://boxd.it/fVqa,2022-08-12,2018
boxd.it,27 Dresses,,https://boxd.it/21x4,2022-08-12,2008
boxd.it,Williams,4.0,https://boxd.it/gEqE,2022-08-13,2017
boxd.it,Minority Report,4.0,https://boxd.it/2aWi,2022-08-16,2002
boxd.it,Edge of Tomorrow,2.0,https://boxd.it/4pD0,2022-08-16,2014
boxd.it,Collateral,4.0,https://boxd.it/28F0,2022-08-16,2004
boxd.it,Jaws,4.5,https://boxd.it/2a5e,2022-08-19,1975
boxd.it,Mona Lisa Smile,4.0,https://boxd.it/1T0Q,2022-08-20,2003
boxd.it,Legends of the Fall,3.5,https://boxd.it/24ho,2022-08-22,1994
boxd.it,Marley & Me,2.5,https://boxd.it/1Ola,2022-08-23,2008
boxd.it,Triangle,3.5,https://boxd.it/1tQG,2022-08-23,2009
boxd.it,Us,3.5,https://boxd.it/gnV6,2022-08-24,2019
boxd.it,Nope,3.5,https://boxd.it/sDCe,2022-08-24,2022
boxd.it,Ghostbusters,3.0,https://boxd.it/Vm8,2022-08-25,2016
boxd.it,Lorenzo's Oil,3.0,https://boxd.it/27Eg,2022-08-25,1992
boxd.it,The Craigslist Killer,0.5,https://boxd.it/rgu,2022-08-26,2011
boxd.it,Despicable Me,,https://boxd.it/1DD8,2022-08-26,2010
boxd.it,Little Miss Sunshine,4.0,https://boxd.it/29EW,2022-08-26,2006
boxd.it,Sherlock Holmes,3.5,https://boxd.it/1W2A,2022-08-26,2009
boxd.it,Sherlock Holmes: A Game of Shadows,3.0,https://boxd.it/k3S,2022-08-26,2011
boxd.it,Horrible Bosses,3.0,https://boxd.it/Ba2,2022-08-26,2011
boxd.it,Grown Ups 2,,https://boxd.it/3GAq,2022-08-26,2013
boxd.it,Grown Ups,2.5,https://boxd.it/169a,2022-08-26,2010
boxd.it,Top Gun: Maverick,4.0,https://boxd.it/cjr4,2022-08-27,2022
boxd.it,"Love, Death & Robots: Bad Travelling",,https://boxd.it/BykM,2022-08-27,2022
boxd.it,Tower Heist,2.0,https://boxd.it/iQI,2022-08-28,2011
boxd.it,Keeping Up with the Joneses,2.0,https://boxd.it/aS5y,2022-08-28,2016
boxd.it,Zootopia,,https://boxd.it/84xS,2022-08-28,2016
boxd.it,Before Sunrise,4.0,https://boxd.it/2bcU,2022-08-29,1995
boxd.it,Remember Me,3.5,https://boxd.it/1zyI,2022-08-30,2010
boxd.it,The Change-Up,2.5,https://boxd.it/FRu,2022-08-31,2011
boxd.it,Heat,4.0,https://boxd.it/2bg8,2022-09-01,1995
boxd.it,It Chapter Two,,https://boxd.it/h10u,2022-09-01,2019
boxd.it,Niyazi Gül Dörtnala,,https://boxd.it/bk52,2022-09-02,2015
boxd.it,Money Trap,,https://boxd.it/lfkw,2022-09-02,2019
boxd.it,Bygones Be Bygones,,https://boxd.it/fmM6,2022-09-02,2017
boxd.it,Cem Yılmaz: Diamond Elite Platinum Plus,,https://boxd.it/yvJo,2022-09-02,2021
boxd.it,Source Code,3.0,https://boxd.it/fdo,2022-09-02,2011
boxd.it,October Sky,4.0,https://boxd.it/1Q7u,2022-09-02,1999
boxd.it,Sleepers,3.5,https://boxd.it/29xw,2022-09-03,1996
boxd.it,When They See Us,4.0,https://boxd.it/kbJU,2022-09-03,2019
boxd.it,The Wolf of Wall Street,4.0,https://boxd.it/3C1m,2022-09-07,2013
boxd.it,12 Angry Men,5.0,https://boxd.it/2auI,2022-09-07,1957
boxd.it,The Batman,4.0,https://boxd.it/eDGs,2022-09-08,2022
boxd.it,Love Actually,2.0,https://boxd.it/2aeU,2022-09-09,2003
boxd.it,Pretty Woman,3.0,https://boxd.it/2b6M,2022-09-16,1990
boxd.it,The Town,3.5,https://boxd.it/1zyS,2022-09-17,2010
boxd.it,Always Be My Maybe,,https://boxd.it/iB2y,2022-09-19,2019
boxd.it,How Do You Know,3.0,https://boxd.it/VMK,2022-09-19,2010
boxd.it,Fear,3.0,https://boxd.it/1W0a,2022-09-19,1996
boxd.it,The Invisible Guest,4.0,https://boxd.it/euce,2022-09-19,2016
boxd.it,The Body,3.5,https://boxd.it/3Jsa,2022-09-19,2012
boxd.it,Spy,,https://boxd.it/71Ks,2022-09-20,2015
boxd.it,Tag,4.0,https://boxd.it/gh7Y,2022-09-20,2018
boxd.it,A Beautiful Mind,4.0,https://boxd.it/2amk,2022-09-22,2001
boxd.it,Gone Baby Gone,4.0,https://boxd.it/23R6,2022-09-27,2007
boxd.it,The Fighter,3.5,https://boxd.it/PP4,2022-09-27,2010
boxd.it,Children of Men,4.5,https://boxd.it/1Y2i,2022-09-28,2006
boxd.it,Forgotten,3.0,https://boxd.it/hAJE,2022-09-30,2017
boxd.it,Jumanji: The Next Level,,https://boxd.it/ixu4,2022-10-02,2019
boxd.it,Midnight in Paris,3.5,https://boxd.it/i4a,2022-10-09,2011
boxd.it,Dogville,4.5,https://boxd.it/2a8W,2022-10-17,2003
boxd.it,Primal Fear,4.0,https://boxd.it/28ws,2022-10-23,1996
boxd.it,The Hunt,5.0,https://boxd.it/3wEC,2022-12-22,2012
boxd.it,Glass Onion,3.5,https://boxd.it/oCkK,2023-01-02,2022
boxd.it,Little Women,4.0,https://boxd.it/aSVk,2023-01-18,2019
boxd.it,Pulp Fiction,5.0,https://boxd.it/29Pq,2023-01-18,1994
boxd.it,The Godfather,5.0,https://boxd.it/2aNK,2023-01-20,1972
boxd.it,Just Go with It,,https://boxd.it/Doq,2023-01-24,2011
boxd.it,Alone,4.5,https://boxd.it/1qAK,2023-01-24,2008
boxd.it,Paul Blart: Mall Cop,,https://boxd.it/1NQw,2023-01-25,2009
boxd.it,Vlad the Impaler,,https://boxd.it/jID4,2023-01-25,2018
boxd.it,Pride & Prejudice,3.0,https://boxd.it/24u8,2023-01-27,2005
boxd.it,Rogue One: A Star Wars Story,4.5,https://boxd.it/aPvy,2023-01-27,2016
boxd.it,Game Night,3.0,https://boxd.it/fRtu,2023-01-31,2018
boxd.it,Stand by Me,4.0,https://boxd.it/2aOe,2023-02-02,1986
boxd.it,Red Eye,2.0,https://boxd.it/1TNy,2023-02-08,2005
boxd.it,All Quiet on the Western Front,4.0,https://boxd.it/H08,2023-02-09,2022
boxd.it,Spotlight,4.0,https://boxd.it/a84k,2023-02-21,2015
boxd.it,"Lock, Stock and Two Smoking Barrels",4.5,https://boxd.it/2b92,2023-02-22,1998
boxd.it,Date Night,2.5,https://boxd.it/2l5a,2023-02-23,2010
boxd.it,American Gangster,4.0,https://boxd.it/23wi,2023-02-24,2007
boxd.it,It's Kind of a Funny Story,3.5,https://boxd.it/Tfa,2023-02-26,2010
boxd.it,Puss in Boots: The Last Wish,5.0,https://boxd.it/aaie,2023-03-12,2022
boxd.it,Puss in Boots,,https://boxd.it/eL34,2023-03-12,2011
boxd.it,Casino Royale,4.0,https://boxd.it/1alk,2023-03-14,2006
boxd.it,Quantum of Solace,,https://boxd.it/1Vs8,2023-03-21,2008
boxd.it,Skyfall,3.5,https://boxd.it/17Fc,2023-03-22,2012
boxd.it,Everything Everywhere All at Once,5.0,https://boxd.it/jUk4,2023-03-26,2022
boxd.it,Saving Private Ryan,5.0,https://boxd.it/29ro,2023-03-30,1998
boxd.it,Murder Mystery 2,3.0,https://boxd.it/nHOo,2023-04-06,2023
boxd.it,The Conspiracy,3.5,https://boxd.it/4k0s,2023-04-20,2012
boxd.it,The Sixth Sense,4.0,https://boxd.it/29Js,2023-04-30,1999
boxd.it,The Menu,4.0,https://boxd.it/lScm,2023-04-30,2022
boxd.it,The Butterfly's Dream,4.0,https://boxd.it/5haQ,2023-05-02,2013
boxd.it,Die Hard,3.5,https://boxd.it/2a7u,2023-05-03,1988
boxd.it,Yahşi Batı,,https://boxd.it/1kMK,2023-05-04,2009
boxd.it,Operation Cicero,,https://boxd.it/lcoK,2023-06-07,2019
boxd.it,Promising Young Woman,4.0,https://boxd.it/loRE,2023-06-13,2020
boxd.it,The Lego Movie 2: The Second Part,,https://boxd.it/8BAU,2023-06-13,2019
boxd.it,The King's Man,,https://boxd.it/h714,2023-06-16,2021
boxd.it,The Deep End of the Ocean,,https://boxd.it/1key,2023-06-18,1999
boxd.it,Hidden Figures,,https://boxd.it/dgS4,2023-06-20,2016
boxd.it,Mission: Impossible,,https://boxd.it/29d2,2023-06-20,1996
boxd.it,Black Mirror: Joan Is Awful,,https://boxd.it/GWmi,2023-06-25,2023
boxd.it,Elemental,,https://boxd.it/ASiE,2023-06-25,2023
boxd.it,Black Mirror: San Junipero,,https://boxd.it/k4aS,2023-06-25,2016
boxd.it,Black Mirror: White Christmas,,https://boxd.it/B3qu,2023-06-25,2014
boxd.it,Black Mirror: Shut Up and Dance,,https://boxd.it/hRRq,2023-06-25,2016
boxd.it,Black Mirror: Hang the DJ,,https://boxd.it/hQYA,2023-06-25,2017
boxd.it,Black Mirror: The National Anthem,,https://boxd.it/hQYK,2023-06-25,2011
boxd.it,Barbie,4.0,https://boxd.it/bCLK,2023-07-29,2023
boxd.it,Oppenheimer,4.5,https://boxd.it/wUow,2023-07-29,2023
boxd.it,Bodies Bodies Bodies,3.5,https://boxd.it/iRcE,2023-08-29,2022
boxd.it,Saw,,https://boxd.it/2aWW,2023-08-30,2004
boxd.it,Taxi Driver,4.5,https://boxd.it/2b8y,2023-09-11,1976
boxd.it,Black Night,3.5,https://boxd.it/o2Ta,2023-09-11,2022
boxd.it,Fig Jam,4.0,https://boxd.it/1y8,2023-09-12,2011
boxd.it,(500) Days of Summer,,https://boxd.it/1EmM,2023-09-28,2009
boxd.it,Bottoms,4.0,https://boxd.it/uGf2,2023-09-29,2023
boxd.it,22 Jump Street,3.5,https://boxd.it/5Fvy,2023-09-30,2014
boxd.it,21 Jump Street,4.0,https://boxd.it/J0,2023-10-08,2012
boxd.it,Fargo,4.0,https://boxd.it/2aHM,2023-11-10,1996
boxd.it,A Knight's Tale,3.5,https://boxd.it/1YAk,2023-11-10,2001
boxd.it,Shaun of the Dead,1.0,https://boxd.it/29J8,2023-11-20,2004
boxd.it,Incendies,4.5,https://boxd.it/Msm,2023-12-02,2010
boxd.it,Hereditary,4.0,https://boxd.it/hNVe,2023-12-26,2018
boxd.it,Oculus,3.5,https://boxd.it/4W9M,2024-01-29,2013
boxd.it,Borat: Cultural Learnings of America for Make Benefit Glorious Nation of Kazakhstan,,https://boxd.it/2agQ,2024-02-05,2006
boxd.it,Leave the World Behind,,https://boxd.it/re0i,2024-02-05,2023
boxd.it,Society of the Snow,4.0,https://boxd.it/y9aw,2024-02-11,2023
boxd.it,Divergent,3.0,https://boxd.it/4VT0,2024-02-11,2014
boxd.it,Aftersun,4.5,https://boxd.it/Arw0,2024-02-17,2022
boxd.it,Project X,4.0,https://boxd.it/neO,2024-05-09,2012
boxd.it,A Lot Like Love,3.5,https://boxd.it/1ZsQ,2024-05-13,2005
boxd.it,Zombieland,4.0,https://boxd.it/1En6,2024-05-13,2009
boxd.it,Zombieland: Double Tap,3.0,https://boxd.it/bgb6,2024-05-13,2019
boxd.it,The Silence of the Lambs,5.0,https://boxd.it/2aHW,2024-05-13,1991
boxd.it,A Man Called Otto,4.0,https://boxd.it/zl06,2024-07-31,2022
boxd.it,Bandırma Füze Kulübü,3.5,https://boxd.it/DfWG,2024-07-31,2022
boxd.it,8x8,,https://boxd.it/HLro,2024-09-08,2023
boxd.it,Kendime İyi Bak,,https://boxd.it/8uN8,2024-09-08,2014
boxd.it,Ticket to Paradise,,https://boxd.it/u8Cc,2024-09-09,2022
boxd.it,Instant Family,4.0,https://boxd.it/hHpQ,2024-11-17,2018
boxd.it,It's What's Inside,4.0,https://boxd.it/DOV4,2025-02-25,2024
boxd.it,Stuck in Love,4.0,https://boxd.it/3L08,2025-02-25,2012
boxd.it,We Bought a Zoo,3.5,https://boxd.it/2AU8,2025-02-27,2011
boxd.it,Chef,2.5,https://boxd.it/6lCG,2025-02-28,2014
boxd.it,The Mist,3.0,https://boxd.it/22r2,2025-03-03,2007
boxd.it,Me and Earl and the Dying Girl,2.5,https://boxd.it/9SAE,2025-03-04,2015
boxd.it,Guardians of the Galaxy Vol. 3,4.0,https://boxd.it/fVNI,2025-03-05,2023
boxd.it,Chasing the Wind,,https://boxd.it/OkP8,2025-03-06,2025
boxd.it,My Girl,4.0,https://boxd.it/24PK,2025-03-10,1991
boxd.it,"Definitely, Maybe",4.0,https://boxd.it/20eU,2025-03-11,2008
boxd.it,The Peanut Butter Falcon,4.0,https://boxd.it/gzu2,2025-03-12,2019
boxd.it,Champion,3.5,https://boxd.it/kPuK,2025-03-15,2018
boxd.it,Dune: Part Two,4.5,https://boxd.it/pUfA,2025-03-15,2024
boxd.it,Spider-Man: Across the Spider-Verse,4.5,https://boxd.it/kSz4,2025-03-15,2023
boxd.it,The Hunger Games: The Ballad of Songbirds & Snakes,3.0,https://boxd.it/pZCY,2025-03-15,2023
boxd.it,Last Summer,,https://boxd.it/txP4,2025-03-19,2021
boxd.it,The Man from Earth,4.0,https://boxd.it/1Ql2,2025-03-19,2007
boxd.it,Ted,3.0,https://boxd.it/2pgc,2025-03-30,2012
boxd.it,Ted 2,1.0,https://boxd.it/6oCY,2025-03-31,2015
boxd.it,La La Land,4.5,https://boxd.it/a5fa,2025-04-17,2016
boxd.it,F1,4.5,https://boxd.it/yjVM,2025-07-16,2025
boxd.it,Happy Gilmore,4.0,https://boxd.it/1Yey,2025-08-10,1996
boxd.it,Superman,4.5,https://boxd.it/E9IU,2025-08-10,2025
boxd.it,The Fantastic 4: First Steps,3.0,https://boxd.it/mP6C,2025-08-10,2025
boxd.it,Searching,3.5,https://boxd.it/hDPg,2025-08-10,2018
boxd.it,True Romance,4.0,https://boxd.it/2aBa,2025-08-20,1993
boxd.it,Weapons,3.0,https://boxd.it/EMTM,2025-09-02,2025
boxd.it,Missing,3.5,https://boxd.it/sS1W,2025-09-03,2023
boxd.it,Wind River,3.5,https://boxd.it/dR3i,2025-09-24,2017
boxd.it,Project Almanac,3.5,https://boxd.it/6IP4,2025-10-04,2015
boxd.it,Deep Cover,1.5,https://boxd.it/L6ec,2025-10-22,2025
boxd.it,Barbarian,3.5,https://boxd.it/yohi,2025-10-29,2022
boxd.it,When Evil Lurks,2.5,https://boxd.it/rXBe,2025-10-29,2023
boxd.it,Soyut Dışavurumcu Bir Dostluğun Anatomisi Veyahut Yan Yana,,https://boxd.it/XDGM,2025-12-30,2025
boxd.it,Superbad,4.0,https://boxd.it/20hO,2025-12-30,2007
boxd.it,Arthur Christmas,4.0,https://boxd.it/Cg6,2025-12-30,2011
boxd.it,D.I.S.C.O.,,https://boxd.it/XYj0,2026-03-06,2026
boxd.it,Marty Supreme,,https://boxd.it/Off0,2026-03-06,2025
boxd.it,Wake Up Dead Man,,https://boxd.it/uAKS,2026-03-12,2025
boxd.it,Casino,5.0,https://boxd.it/2ads,2026-03-12,1995
boxd.it,Once Upon a Time in America,,https://boxd.it/2aCs,2026-03-12,1984
boxd.it,The Rip,,https://boxd.it/NP5y,2026-03-12,2026
boxd.it,Coach Carter,,https://boxd.it/218e,2026-03-12,2005
boxd.it,The Notebook,,https://boxd.it/1UNE,2026-03-12,2004
boxd.it,School of Rock,5.0,https://boxd.it/28xK,2026-03-12,2003
boxd.it,Trap,2.0,https://boxd.it/D4nK,2026-03-17,2024
boxd.it,HIS & HERS,4.0,https://boxd.it/103iK,2026-03-17,2026
boxd.it,Peaky Blinders: The Immortal Man,,https://boxd.it/x3yq,2026-03-22,2026
boxd.it,X-Men: Apocalypse,,https://boxd.it/7eJi,2026-03-22,2016
boxd.it,X-Men: First Class,,https://boxd.it/FOA,2026-03-22,2011
boxd.it,The Wrestler,4.5,https://boxd.it/1So8,2026-03-24,2008
boxd.it,Mad Max: Fury Road,,https://boxd.it/2DjO,2026-03-24,2015
boxd.it,Big Little Lies,4.0,https://boxd.it/fYde,2026-03-24,2017
boxd.it,Paranormal Activity,4.0,https://boxd.it/1yIM,2026-03-24,2007
boxd.it,Rings,,https://boxd.it/1NQ2,2026-03-24,2017
boxd.it,The Conjuring: Last Rites,,https://boxd.it/Dh8e,2026-03-24,2025
boxd.it,Sinister,,https://boxd.it/2TnW,2026-03-24,2012
boxd.it,Goodnight Mommy,4.0,https://boxd.it/8Niy,2026-03-24,2014
boxd.it,Anyone But You,,https://boxd.it/EzA8,2026-03-24,2023
boxd.it,The Internship,3.5,https://boxd.it/3SWS,2026-03-24,2013
boxd.it,The Proposal,,https://boxd.it/1HiS,2026-03-24,2009
boxd.it,The Intern,4.0,https://boxd.it/7AOE,2026-03-24,2015
boxd.it,Mamma Mia!,,https://boxd.it/1Tnq,2026-03-24,2008
boxd.it,Kramer vs. Kramer,4.5,https://boxd.it/h0w,2026-03-25,1979
boxd.it,Nonnas,3.0,https://boxd.it/HxlQ,2026-03-28,2025
boxd.it,Sharp Objects,4.0,https://boxd.it/j3NM,2026-03-30,2018
boxd.it,Project Hail Mary,4.5,https://boxd.it/pEeQ,2026-04-02,2026
boxd.it,The Drama,3.5,https://boxd.it/OA2w,2026-04-06,2026
boxd.it,Long Shot,4.0,https://boxd.it/h8oI,2026-04-06,2017
boxd.it,Gravity,2.5,https://boxd.it/GZY,2026-04-08,2013
boxd.it,The Map of Tiny Perfect Things,5.0,https://boxd.it/p3O8,2026-04-08,2021
boxd.it,Deadpool & Wolverine,,https://boxd.it/jq8s,2026-04-08,2024
boxd.it,Juno,4.0,https://boxd.it/210a,2026-04-08,2007
boxd.it,Bridesmaids,,https://boxd.it/rac,2026-04-09,2011
boxd.it,Conclave,4.0,https://boxd.it/AO8q,2026-04-09,2024
boxd.it,Chernobyl,4.5,https://boxd.it/mkbG,2026-04-10,2019
boxd.it,No Hard Feelings,3.0,https://boxd.it/xouu,2026-04-10,2023
boxd.it,Booksmart,4.0,https://boxd.it/igNS,2026-04-10,2019
boxd.it,Bullet Train,4.0,https://boxd.it/qW26,2026-04-10,2022
boxd.it,Turbo,,https://boxd.it/2Hzw,2026-04-10,2013
boxd.it,Now You See Me: Now You Don't,3.0,https://boxd.it/f3i2,2026-04-12,2025
boxd.it,The Substance,4.0,https://boxd.it/zanS,2026-04-19,2024
boxd.it,Scent of a Woman,2.5,https://boxd.it/1YAu,2026-04-19,1992
boxd.it,Adventureland,3.5,https://boxd.it/1JTQ,2026-04-22,2009
boxd.it,The Girl with the Dragon Tattoo,4.0,https://boxd.it/2Pa,2026-04-24,2011
boxd.it,GoodFellas,4.0,https://boxd.it/29FA,2026-05-04,1990
boxd.it,The Secret Life of Pets,2.5,https://boxd.it/aJ5E,2026-05-08,2016
boxd.it,Reservoir Dogs,,https://boxd.it/2agc,2026-05-21,1992
boxd.it,One Battle After Another,4.0,https://boxd.it/DUHM,2026-05-24,2025
boxd.it,Michael,,https://boxd.it/zi5M,2026-06-01,2026
boxd.it,Obsession,4.5,https://boxd.it/PNqo,2026-06-08,2025
boxd.it,The Holdovers,4.0,https://boxd.it/vHza,2026-06-10,2023
boxd.it,Disclosure Day,3.0,https://boxd.it/MDJY,2026-06-13,2026
boxd.it,Backrooms,,https://boxd.it/EY6W,2026-06-22,2026
boxd.it,Toy Story,,https://boxd.it/29qA,2026-06-22,1995
boxd.it,Supergirl,3.5,https://boxd.it/ESyU,2026-07-04,2026
boxd.it,Voicemails for Isabelle,3.0,https://boxd.it/mJVk,2026-07-04,2026
boxd.it,Mystic River,3.5,https://boxd.it/2aAG,2026-07-18,2003
boxd.it,The Break-Up,3.5,https://boxd.it/1XRk,2026-07-25,2006
boxd.it,We're the Millers,4.0,https://boxd.it/4srQ,2026-07-25,2013
boxd.it,Murder Mystery,,https://boxd.it/iEBm,2026-07-25,2019
boxd.it,Love Happens,,https://boxd.it/1vps,2026-07-25,2009
boxd.it,Troy,3.5,https://boxd.it/29TW,2026-07-29,2004
boxd.it,American Murder: The Family Next Door,,https://boxd.it/rUk0,2026-08-04,2020
boxd.it,The Godfather Part II,4.5,https://boxd.it/2aNq,2026-08-09,1974
boxd.it,Spider-Man: Brand New Day,3.5,https://boxd.it/ACJE,2026-08-25,2026
